<?xml version="1.0" encoding="UTF-8"?>



<window>
  <views>50</views>
  <coordinates>
    <left>330</left>
    <top>100</top>
    <width>900</width>
    <height>500</height>
    <!--<origin x="200" y="200">Window.IsActive(Home)</origin>-->
  </coordinates>

  <controls>

    <control type="image" id="1">
      <left>0</left>
      <top>0</top>
      <width>900</width>
      <height>500</height>
      <aspectratio>1</aspectratio>
      <texture>DialogBgd.jpg</texture>
      <visible>true</visible>
    </control>

    <control type="label">
      <left>0</left>
      <top>0</top>
      <height>50</height>
      <width>900</width>
      <textcolor>yellow</textcolor>
      <font>font14</font>
      <align>center</align>
      <label>Live TV Playlist Viewer</label>
      <visible>true</visible>
    </control>

    <control type="button" id="20">
        <description>Close Window button</description>
        <posx>838</posx>
        <posy>3</posy>
        <width>64</width>
        <height>32</height>
        <label>-</label>
        <font>-</font>
        <visible>true</visible>
        <!--onclick>Action(PreviousMenu)</onclick-->
        <onleft>50</onleft>
        <onright>50</onright>
        <onup>50</onup>
        <ondown>50</ondown>
        <texturefocus>DialogCloseButton-focus.png</texturefocus>
        <texturenofocus>DialogCloseButton.png</texturenofocus>
        <visible>system.getbool(input.enablemouse)</visible>
      </control>

    <control type="list" id="30">
      <left>10</left>
      <top>50</top>
      <width>900</width>
      <height>50</height>
      <orientation>horizontal</orientation>
      <itemlayout height="30" width="146">
        <control type="image">
          <left>0</left>
          <top>2</top>
          <width>145</width>
          <height>28</height>
          <colordiffuse>FFAA0000</colordiffuse>
          <aspectratio>stretch</aspectratio>
          <texture>WhiteBlank.png</texture>
        </control>

        <control type="label">
          <left>0</left>
          <top>0</top>
          <height>30</height>
          <width>144</width>
          <font>font13</font>
          <textcolor>white</textcolor>
          <label>$INFO[ListItem.Label]</label>
          <align>center</align>
          <selectedcolor>green</selectedcolor>
        </control>
      </itemlayout>

      <focusedlayout height="30" width="146">
        <control type="image">
          <left>0</left>
          <top>2</top>
          <width>144</width>
          <height>28</height>
          <colordiffuse>FFAA0000</colordiffuse>
          <aspectratio>stretch</aspectratio>
          <texture>WhiteBlank.png</texture>
        </control>

        <control type="label">
          <left>0</left>
          <top>0</top>
          <height>30</height>
          <width>145</width>
          <font>font13</font>
          <textcolor>white</textcolor>
          <label>$INFO[ListItem.Label]</label>
          <align>center</align>
          <selectedcolor>green</selectedcolor>
        </control>
      </focusedlayout>

    </control>

    <control type="list" id="50">
      <left>10</left>
      <top>85</top>
      <width>880</width>
      <height>350</height>
      <viewtype label="535">list</viewtype>
      <textoffsetx>50</textoffsetx>
      <onup>20</onup>
      <ondown>20</ondown>
      <onleft>20</onleft>
      <onright>20</onright>

      <itemlayout height="30" width="800">

        <control type="image">
          <left>0</left>
          <top>2</top>
          <width>880</width>
          <height>28</height>
          <colordiffuse>FFFF00FF</colordiffuse>
          <aspectratio>stretch</aspectratio>
          <texture>WhiteBlank.png</texture>
        </control>

        <control type="label">
          <left>0</left>
          <top>0</top>
          <height>30</height>
          <width>880</width>
          <font>font10</font>
          <textcolor>white</textcolor>
          <label>$INFO[ListItem.Label]</label>
          <selectedcolor>green</selectedcolor>
        </control>
      </itemlayout>

      <focusedlayout height="30" width="800">
        <control type="image">
          <left>0</left>
          <top>2</top>
          <width>880</width>
          <height>28</height>
          <colordiffuse>FF5500FF</colordiffuse>
          <aspectratio>stretch</aspectratio>
          <texture>WhiteBlank.png</texture>
        </control>

        <control type="label">
          <left>0</left>
          <top>0</top>
          <height>30</height>
          <width>880</width>
          <font>font10</font>
          <label>$INFO[ListItem.Label]</label>
          <textcolor>orange</textcolor>
          <selectedcolor>green</selectedcolor>
        </control>
      </focusedlayout>
    </control>

  </controls>
</window>