<addon id="service.ltvpl" name="Live TV Playlist" provider-name="jmooremcc" version="0.9.19">
  <requires>
    <import addon="xbmc.python" version="2.25.0" />
    <import addon="xbmc.json" version="7.0.0" />
    <import addon="xbmc.gui" version="5.12.0" />
    <import addon="xbmc.addon" version="17.0.0" />
  </requires>
  <extension library="service.py" point="xbmc.service" />
  <extension library="resources/lib" point="xbmc.python.module" />
  <extension library="resources" point="xbmc.python.module" />
  <extension library="resources/enum" point="xbmc.python.module" />
  <extension debugging="true" library="addon.py" point="xbmc.python.script">
    <provides>executable</provides>
  </extension>
  <extension point="kodi.context.item">
    <menu id="kodi.core.main">
      <item library="addon.py">
        <label lang="en_GB">Add To Live TV Playlist</label>
        <label lang="es_ES">Añadir a Live TV Playlist</label>
        <visible>Window.IsVisible(tvguide)|Window.IsVisible(tvsearch)</visible>
      </item>
    </menu>
  </extension>
  <extension debugging="false" effectslowdown="0.75" point="xbmc.gui.skin">
    <res aspect="16:9" default="true" folder="720p" height="720" width="1280" />
  </extension>
  <extension point="xbmc.addon.metadata">
    <language />
    <summary lang="en_GB">Live TV Playlist Manager</summary>
    <summary lang="es_ES">Gerente de Live TV Playlist</summary>
    <description lang="en_GB">
      The Live TV PlayList Manager provides a service for clients to use to schedule live TV events. A Live TV Playlist is a list of channel change instructions that occur at a specified time. A Playlist item consists of an alarm time, channel and recurrence option. The manager maintains a database of playlist items and saves the list in a file. This file is read each time the manager starts up so that on going events will always occur.
    </description>
    <description lang="es_ES">
      Gerente de Live TV PlayList ofrece un servicio para que los clientes utilicen para programar eventos de TV en vivo. Una lista de reproducción de TV en vivo es una lista de instrucciones de cambio de canal que ocurren en un momento específico. Un elemento de lista de reproducción consiste en una hora de alarma, un canal y una opción de repetición. El administrador mantiene una base de datos de elementos de la lista de reproducción y guarda la lista en un archivo. Este archivo se lee cada vez que se inicia el administrador para que los eventos en curso siempre ocurran.
    </description>
    <platform>all</platform>
    <license>GNU GENERAL PUBLIC LICENSE. Version 2, June 1991</license>
    <website />
    <source />
    <forum />
    <email>jmooremcc@hotmail.com</email>
    <assets>
      <icon>icon.png</icon>
      <fanart>fanart.jpg</fanart>
      <screenshot>resources/screenshots/screenshot000.png</screenshot>
      <screenshot>resources/screenshots/screenshot001.png</screenshot>
      <screenshot>resources/screenshots/screenshot002.png</screenshot>
      <screenshot>resources/screenshots/screenshot003.png</screenshot>
      <screenshot>resources/screenshots/screenshot005.png</screenshot>
    </assets>
  </extension>
</addon>
